Date,Event ID,Time,Class
2023-10-02,29875360,08:40,Year 7: 7TL
2023-10-02,31334244,09:00,Drama: Year 7: 7a/DrR
2023-10-02,31336708,09:55,Computer Science: Year 7: 7a/CsR
2023-10-02,31240496,11:10,Spanish: Year 7: 7a/SpI
2023-10-02,31244291,12:05,Maths: Year 7: 7a/MaI
2023-10-02,29881504,13:30,Year 7: 7TL
2023-10-02,31245119,14:00,Design Tech: Year 7: 7a/DTI
2023-10-03,29893251,08:40,Year 7: 7TL
2023-10-03,31247534,09:00,Spanish: Year 7: 7a/SpI
2023-10-03,31319958,09:55,PE Core: Year 7: 7a/PEY
2023-10-03,31237713,11:10,English Comb: Year 7: 7a/EnI
2023-10-03,31337940,12:05,Religious Ed: Year 7: 7a/RER
2023-10-03,29892902,13:30,Year 7: 7TL
2023-10-03,31242060,14:00,Maths: Year 7: 7a/MaI
2023-10-04,29904654,08:40,Year 7: 7TL
2023-10-04,31340236,09:00,Geography: Year 7: 7a/GeR
2023-10-04,31245487,09:55,English Comb: Year 7: 7a/EnI
2023-10-04,31343344,11:10,Religious Ed: Year 7: 7a/RER
2023-10-04,31344436,12:05,History: Year 7: 7a/HiR
2023-10-04,29913955,13:30,Year 7: 7TL
2023-10-04,31238610,14:00,Science: Year 7: 7a/ScI
2023-10-05,29916614,08:40,Year 7: 7TL
2023-10-05,31240358,09:00,Spanish: Year 7: 7a/SpI
2023-10-05,31339004,09:55,Music: Year 7: 7a/MuR
2023-10-05,31340348,11:10,History: Year 7: 7a/HiR
2023-10-05,31342280,12:05,Art and Design: Year 7: 7a/ArR
2023-10-05,29930232,13:30,Year 7: 7TL
2023-10-05,31248247,14:00,English Comb: Year 7: 7a/EnI
2023-10-06,29937659,08:40,Year 7: 7TL
2023-10-06,31335000,09:00,Religious Ed: Year 7: 7a/RER
2023-10-06,31337408,09:55,History: Year 7: 7a/HiR
2023-10-06,31241577,11:10,Maths: Year 7: 7a/MaI
2023-10-06,31243877,12:05,Design Tech: Year 7: 7a/DTI
2023-10-06,29941458,13:30,Year 7: 7TL
2023-10-06,31340124,14:00,Geography: Year 7: 7a/GeR
2023-10-09,29880664,08:40,Year 7: 7TL
2023-10-09,31246085,09:00,English Comb: Year 7: 7a/EnI
2023-10-09,31248707,09:55,Science: Year 7: 7a/ScI
2023-10-09,31336372,11:10,Art and Design: Year 7: 7a/ArR
2023-10-09,31338108,12:05,Computer Science: Year 7: 7a/CsR
2023-10-09,29888545,13:30,Year 7: 7TL
2023-10-09,31242543,14:00,Maths: Year 7: 7a/MaI
2023-10-10,29903592,08:40,Year 7: 7TL
2023-10-10,29859978,09:00,Year 7: 7TL
2023-10-10,31244751,09:55,Maths: Year 7: 7a/MaI
2023-10-10,31246361,11:10,Spanish: Year 7: 7a/SpI
2023-10-10,31343904,12:05,Music: Year 7: 7a/MuR
2023-10-10,29902435,13:30,Year 7: 7TL
2023-10-10,31237943,14:00,English Comb: Year 7: 7a/EnI
2023-10-11,29915817,08:40,Year 7: 7TL
2023-10-11,31239921,09:00,Maths: Year 7: 7a/MaI
2023-10-11,31243003,09:55,Science: Year 7: 7a/ScI
2023-10-11,31339564,11:10,History: Year 7: 7a/HiR
2023-10-11,31341748,12:05,Geography: Year 7: 7a/GeR
2023-10-11,29926057,13:30,Year 7: 7TL
2023-10-11,31246936,14:00,Science: Year 7: 7a/ScI
2023-10-12,29928992,08:40,Year 7: 7TL
2023-10-12,31334804,09:00,Religious Ed: Year 7: 7a/RER
2023-10-12,31238978,09:55,Maths: Year 7: 7a/MaI
2023-10-12,31240611,11:10,English Comb: Year 7: 7a/EnI
2023-10-12,31243302,12:05,Science: Year 7: 7a/ScI
2023-10-12,29941580,13:30,Year 7: 7TL
2023-10-12,31319578,14:00,PE Core: Year 7: 7a/PEY
2023-10-13,29949488,08:40,Year 7: 7TL
2023-10-13,31342840,09:00,Geography: Year 7: 7a/GeR
2023-10-13,31247120,09:55,English Comb: Year 7: 7a/EnI
2023-10-13,31335840,11:10,Religious Ed: Year 7: 7a/RER
2023-10-13,31239507,12:05,Science: Year 7: 7a/ScI
2023-10-13,29951757,13:30,Year 7: 7TL
2023-10-13,31319218,14:00,PE Core: Year 7: 7a/PEY
2023-10-16,29887581,08:40,Year 7: 7TL
2023-10-16,31334272,09:00,Drama: Year 7: 7a/DrR
2023-10-16,31336764,09:55,Computer Science: Year 7: 7a/CsR
2023-10-16,31240565,11:10,Spanish: Year 7: 7a/SpI
2023-10-16,31244314,12:05,Maths: Year 7: 7a/MaI
2023-10-16,29897135,13:30,Year 7: 7TL
2023-10-16,31245165,14:00,Design Tech: Year 7: 7a/DTI
2023-10-17,29915849,08:40,Year 7: 7TL
2023-10-17,31247603,09:00,Spanish: Year 7: 7a/SpI
2023-10-17,31319978,09:55,PE Core: Year 7: 7a/PEY
2023-10-17,31237736,11:10,English Comb: Year 7: 7a/EnI
2023-10-17,31337968,12:05,Religious Ed: Year 7: 7a/RER
2023-10-17,29912060,13:30,Year 7: 7TL
2023-10-17,31242106,14:00,Maths: Year 7: 7a/MaI
2023-10-18,29925928,08:40,Year 7: 7TL
2023-10-18,31340320,09:00,Geography: Year 7: 7a/GeR
2023-10-18,31245510,09:55,English Comb: Year 7: 7a/EnI
2023-10-18,31343372,11:10,Religious Ed: Year 7: 7a/RER
2023-10-18,31344464,12:05,History: Year 7: 7a/HiR
2023-10-18,29939074,13:30,Year 7: 7TL
2023-10-18,31238633,14:00,Science: Year 7: 7a/ScI
2023-10-19,29940565,08:40,Year 7: 7TL
2023-10-19,31240381,09:00,Spanish: Year 7: 7a/SpI
2023-10-19,31339032,09:55,Music: Year 7: 7a/MuR
2023-10-19,31340432,11:10,History: Year 7: 7a/HiR
2023-10-19,31342308,12:05,Art and Design: Year 7: 7a/ArR
2023-10-19,29953176,13:30,Year 7: 7TL
2023-10-19,31248270,14:00,English Comb: Year 7: 7a/EnI
2023-10-30,29896030,08:40,Year 7: 7TL
2023-10-30,31246108,09:00,English Comb: Year 7: 7a/EnI
2023-10-30,31248730,09:55,Science: Year 7: 7a/ScI
2023-10-30,31336400,11:10,Art and Design: Year 7: 7a/ArR
2023-10-30,31338164,12:05,Computer Science: Year 7: 7a/CsR
2023-10-30,29904827,13:30,Year 7: 7TL
2023-10-30,31242566,14:00,Maths: Year 7: 7a/MaI
2023-10-31,29925052,08:40,Year 7: 7TL
2023-10-31,29860005,09:00,Year 7: 7TL
2023-10-31,31244774,09:55,Maths: Year 7: 7a/MaI
2023-10-31,31246407,11:10,Spanish: Year 7: 7a/SpI
2023-10-31,31343932,12:05,Music: Year 7: 7a/MuR
2023-10-31,29922152,13:30,Year 7: 7TL
2023-10-31,31237989,14:00,English Comb: Year 7: 7a/EnI
2023-11-01,29938639,08:40,Year 7: 7TL
2023-11-01,31239944,09:00,Maths: Year 7: 7a/MaI
2023-11-01,31243026,09:55,Science: Year 7: 7a/ScI
2023-11-01,31339592,11:10,History: Year 7: 7a/HiR
2023-11-01,31341776,12:05,Geography: Year 7: 7a/GeR
2023-11-01,29951535,13:30,Year 7: 7TL
2023-11-01,31246959,14:00,Science: Year 7: 7a/ScI
2023-11-02,29951240,08:40,Year 7: 7TL
2023-11-02,31334832,09:00,Religious Ed: Year 7: 7a/RER
2023-11-02,31239024,09:55,Maths: Year 7: 7a/MaI
2023-11-02,31240680,11:10,English Comb: Year 7: 7a/EnI
2023-11-02,31243348,12:05,Science: Year 7: 7a/ScI
2023-11-02,29964178,13:30,Year 7: 7TL
2023-11-02,31319598,14:00,PE Core: Year 7: 7a/PEY
2023-11-03,29959162,08:40,Year 7: 7TL
2023-11-03,31342868,09:00,Geography: Year 7: 7a/GeR
2023-11-03,31247166,09:55,English Comb: Year 7: 7a/EnI
2023-11-03,31335896,11:10,Religious Ed: Year 7: 7a/RER
2023-11-03,31239530,12:05,Science: Year 7: 7a/ScI
2023-11-03,29961841,13:30,Year 7: 7TL
2023-11-03,31319238,14:00,PE Core: Year 7: 7a/PEY
2023-11-06,29906831,08:40,Year 7: 7TL
2023-11-06,31334300,09:00,Drama: Year 7: 7a/DrR
2023-11-06,31336820,09:55,Computer Science: Year 7: 7a/CsR
2023-11-06,31240634,11:10,Spanish: Year 7: 7a/SpI
2023-11-06,31244337,12:05,Maths: Year 7: 7a/MaI
2023-11-06,29914772,13:30,Year 7: 7TL
2023-11-06,31245211,14:00,Design Tech: Year 7: 7a/DTI
2023-11-07,29938279,08:40,Year 7: 7TL
2023-11-07,31247672,09:00,Spanish: Year 7: 7a/SpI
2023-11-07,31319998,09:55,PE Core: Year 7: 7a/PEY
2023-11-07,31237759,11:10,English Comb: Year 7: 7a/EnI
2023-11-07,31338024,12:05,Religious Ed: Year 7: 7a/RER
2023-11-07,29931919,13:30,Year 7: 7TL
2023-11-07,31242152,14:00,Maths: Year 7: 7a/MaI
2023-11-08,29952052,08:40,Year 7: 7TL
2023-11-08,31340404,09:00,Geography: Year 7: 7a/GeR
2023-11-08,31245579,09:55,English Comb: Year 7: 7a/EnI
2023-11-08,31343400,11:10,Religious Ed: Year 7: 7a/RER
2023-11-08,31344492,12:05,History: Year 7: 7a/HiR
2023-11-08,29962307,13:30,Year 7: 7TL
2023-11-08,31238656,14:00,Science: Year 7: 7a/ScI
2023-11-09,29963685,08:40,Year 7: 7TL
2023-11-09,31240404,09:00,Spanish: Year 7: 7a/SpI
2023-11-09,31339060,09:55,Music: Year 7: 7a/MuR
2023-11-09,31340516,11:10,History: Year 7: 7a/HiR
2023-11-09,31342336,12:05,Art and Design: Year 7: 7a/ArR
2023-11-09,29976215,13:30,Year 7: 7TL
2023-11-09,31248293,14:00,English Comb: Year 7: 7a/EnI
2023-11-10,29970876,08:40,Year 7: 7TL
2023-11-10,31335056,09:00,Religious Ed: Year 7: 7a/RER
2023-11-10,31337436,09:55,History: Year 7: 7a/HiR
2023-11-10,31241646,11:10,Maths: Year 7: 7a/MaI
2023-11-10,31243900,12:05,Design Tech: Year 7: 7a/DTI
2023-11-10,29974333,13:30,Year 7: 7TL
2023-11-10,31340208,14:00,Geography: Year 7: 7a/GeR
2023-11-13,29916934,08:40,Year 7: 7TL
2023-11-13,31246131,09:00,English Comb: Year 7: 7a/EnI
2023-11-13,31248753,09:55,Science: Year 7: 7a/ScI
2023-11-13,31336428,11:10,Art and Design: Year 7: 7a/ArR
2023-11-13,31338220,12:05,Computer Science: Year 7: 7a/CsR
2023-11-13,29926401,13:30,Year 7: 7TL
2023-11-13,31242612,14:00,Maths: Year 7: 7a/MaI
2023-11-14,29950213,08:40,Year 7: 7TL
2023-11-14,29860032,09:00,Year 7: 7TL
2023-11-14,31244797,09:55,Maths: Year 7: 7a/MaI
2023-11-14,31246453,11:10,Spanish: Year 7: 7a/SpI
2023-11-14,31343960,12:05,Music: Year 7: 7a/MuR
2023-11-14,29944580,13:30,Year 7: 7TL
2023-11-14,31238035,14:00,English Comb: Year 7: 7a/EnI
2023-11-15,29963924,08:40,Year 7: 7TL
2023-11-15,31239967,09:00,Maths: Year 7: 7a/MaI
2023-11-15,31243049,09:55,Science: Year 7: 7a/ScI
2023-11-15,31339620,11:10,History: Year 7: 7a/HiR
2023-11-15,31341804,12:05,Geography: Year 7: 7a/GeR
2023-11-15,29975272,13:30,Year 7: 7TL
2023-11-15,31246982,14:00,Science: Year 7: 7a/ScI
2023-11-16,29974622,08:40,Year 7: 7TL
2023-11-16,31334860,09:00,Religious Ed: Year 7: 7a/RER
2023-11-16,31239070,09:55,Maths: Year 7: 7a/MaI
2023-11-16,31240749,11:10,English Comb: Year 7: 7a/EnI
2023-11-16,31243394,12:05,Science: Year 7: 7a/ScI
2023-11-16,29987657,13:30,Year 7: 7TL
2023-11-16,31319618,14:00,PE Core: Year 7: 7a/PEY
2023-11-17,29982984,08:40,Year 7: 7TL
2023-11-17,31342896,09:00,Geography: Year 7: 7a/GeR
2023-11-17,31247212,09:55,English Comb: Year 7: 7a/EnI
2023-11-17,31335924,11:10,Religious Ed: Year 7: 7a/RER
2023-11-17,31239553,12:05,Science: Year 7: 7a/ScI
2023-11-17,29985559,13:30,Year 7: 7TL
2023-11-17,31319258,14:00,PE Core: Year 7: 7a/PEY
2023-11-20,29931393,08:40,Year 7: 7TL
2023-11-20,31334328,09:00,Drama: Year 7: 7a/DrR
2023-11-20,31336876,09:55,Computer Science: Year 7: 7a/CsR
2023-11-20,31240703,11:10,Spanish: Year 7: 7a/SpI
2023-11-20,31244360,12:05,Maths: Year 7: 7a/MaI
2023-11-20,29937232,13:30,Year 7: 7TL
2023-11-20,31245234,14:00,Design Tech: Year 7: 7a/DTI
2023-11-21,29961572,08:40,Year 7: 7TL
2023-11-21,31247741,09:00,Spanish: Year 7: 7a/SpI
2023-11-21,31320018,09:55,PE Core: Year 7: 7a/PEY
2023-11-21,31237782,11:10,English Comb: Year 7: 7a/EnI
2023-11-21,31338080,12:05,Religious Ed: Year 7: 7a/RER
2023-11-21,29956003,13:30,Year 7: 7TL
2023-11-21,31242198,14:00,Maths: Year 7: 7a/MaI
2023-11-22,29975700,08:40,Year 7: 7TL
2023-11-22,31340488,09:00,Geography: Year 7: 7a/GeR
2023-11-22,31245625,09:55,English Comb: Year 7: 7a/EnI
2023-11-22,31343428,11:10,Religious Ed: Year 7: 7a/RER
2023-11-22,31344520,12:05,History: Year 7: 7a/HiR
2023-11-22,29986998,13:30,Year 7: 7TL
2023-11-22,31238679,14:00,Science: Year 7: 7a/ScI
2023-11-23,29987417,08:40,Year 7: 7TL
2023-11-23,31240450,09:00,Spanish: Year 7: 7a/SpI
2023-11-23,31339088,09:55,Music: Year 7: 7a/MuR
2023-11-23,31340600,11:10,History: Year 7: 7a/HiR
2023-11-23,31342364,12:05,Art and Design: Year 7: 7a/ArR
2023-11-23,30071454,13:30,Year 7: 7TL
2023-11-23,31248316,14:00,English Comb: Year 7: 7a/EnI
2023-11-24,29992382,08:40,Year 7: 7TL
2023-11-24,31335112,09:00,Religious Ed: Year 7: 7a/RER
2023-11-24,31337464,09:55,History: Year 7: 7a/HiR
2023-11-24,31241715,11:10,Maths: Year 7: 7a/MaI
2023-11-24,31243923,12:05,Design Tech: Year 7: 7a/DTI
2023-11-24,30071540,13:30,Year 7: 7TL
2023-11-24,31340292,14:00,Geography: Year 7: 7a/GeR
2023-11-27,29942220,08:40,Year 7: 7TL
2023-11-27,31246154,09:00,English Comb: Year 7: 7a/EnI
2023-11-27,31248776,09:55,Science: Year 7: 7a/ScI
2023-11-27,31336456,11:10,Art and Design: Year 7: 7a/ArR
2023-11-27,31338276,12:05,Computer Science: Year 7: 7a/CsR
2023-11-27,29948645,13:30,Year 7: 7TL
2023-11-27,31242658,14:00,Maths: Year 7: 7a/MaI
2023-11-28,29973798,08:40,Year 7: 7TL
2023-11-28,29860059,09:00,Year 7: 7TL
2023-11-28,31244820,09:55,Maths: Year 7: 7a/MaI
2023-11-28,31246499,11:10,Spanish: Year 7: 7a/SpI
2023-11-28,31343988,12:05,Music: Year 7: 7a/MuR
2023-11-28,29967241,13:30,Year 7: 7TL
2023-11-28,31238081,14:00,English Comb: Year 7: 7a/EnI
2023-11-29,29987097,08:40,Year 7: 7TL
2023-11-29,31239990,09:00,Maths: Year 7: 7a/MaI
2023-11-29,31243072,09:55,Science: Year 7: 7a/ScI
2023-11-29,31339648,11:10,History: Year 7: 7a/HiR
2023-11-29,31341832,12:05,Geography: Year 7: 7a/GeR
2023-11-29,30072105,13:30,Year 7: 7TL
2023-11-29,31247005,14:00,Science: Year 7: 7a/ScI
2023-11-30,30071925,08:40,Year 7: 7TL
2023-11-30,31334916,09:00,Religious Ed: Year 7: 7a/RER
2023-11-30,31239116,09:55,Maths: Year 7: 7a/MaI
2023-11-30,31240818,11:10,English Comb: Year 7: 7a/EnI
2023-11-30,31243440,12:05,Science: Year 7: 7a/ScI
2023-11-30,30081299,13:30,Year 7: 7TL
2023-11-30,31319638,14:00,PE Core: Year 7: 7a/PEY
2023-12-01,30078643,08:40,Year 7: 7TL
2023-12-01,31342924,09:00,Geography: Year 7: 7a/GeR
2023-12-01,31247258,09:55,English Comb: Year 7: 7a/EnI
2023-12-01,31335952,11:10,Religious Ed: Year 7: 7a/RER
2023-12-01,31239576,12:05,Science: Year 7: 7a/ScI
2023-12-01,30082770,13:30,Year 7: 7TL
2023-12-01,31319278,14:00,PE Core: Year 7: 7a/PEY
2023-12-04,29956910,08:40,Year 7: 7TL
2023-12-04,31334356,09:00,Drama: Year 7: 7a/DrR
2023-12-04,31336932,09:55,Computer Science: Year 7: 7a/CsR
2023-12-04,31240795,11:10,Spanish: Year 7: 7a/SpI
2023-12-04,31244383,12:05,Maths: Year 7: 7a/MaI
2023-12-04,29959681,13:30,Year 7: 7TL
2023-12-04,31245257,14:00,Design Tech: Year 7: 7a/DTI
2023-12-05,29986214,08:40,Year 7: 7TL
2023-12-05,31247787,09:00,Spanish: Year 7: 7a/SpI
2023-12-05,31320038,09:55,PE Core: Year 7: 7a/PEY
2023-12-05,31237805,11:10,English Comb: Year 7: 7a/EnI
2023-12-05,31338136,12:05,Religious Ed: Year 7: 7a/RER
2023-12-05,29979026,13:30,Year 7: 7TL
2023-12-05,31242221,14:00,Maths: Year 7: 7a/MaI
2023-12-06,30070682,08:40,Year 7: 7TL
2023-12-06,31340572,09:00,Geography: Year 7: 7a/GeR
2023-12-06,31245671,09:55,English Comb: Year 7: 7a/EnI
2023-12-06,31343456,11:10,Religious Ed: Year 7: 7a/RER
2023-12-06,31344548,12:05,History: Year 7: 7a/HiR
2023-12-06,30083988,13:30,Year 7: 7TL
2023-12-06,31238702,14:00,Science: Year 7: 7a/ScI
2023-12-07,30084405,08:40,Year 7: 7TL
2023-12-07,31240519,09:00,Spanish: Year 7: 7a/SpI
2023-12-07,31339116,09:55,Music: Year 7: 7a/MuR
2023-12-07,31340684,11:10,History: Year 7: 7a/HiR
2023-12-07,31342392,12:05,Art and Design: Year 7: 7a/ArR
2023-12-07,30092197,13:30,Year 7: 7TL
2023-12-07,31248339,14:00,English Comb: Year 7: 7a/EnI
2023-12-08,30089353,08:40,Year 7: 7TL
2023-12-08,31335168,09:00,Religious Ed: Year 7: 7a/RER
2023-12-08,31337492,09:55,History: Year 7: 7a/HiR
2023-12-08,31241761,11:10,Maths: Year 7: 7a/MaI
2023-12-08,31243946,12:05,Design Tech: Year 7: 7a/DTI
2023-12-08,30092386,13:30,Year 7: 7TL
2023-12-08,31340376,14:00,Geography: Year 7: 7a/GeR
2023-12-11,29970003,08:40,Year 7: 7TL
2023-12-11,31246177,09:00,English Comb: Year 7: 7a/EnI
2023-12-11,31248799,09:55,Science: Year 7: 7a/ScI
2023-12-11,31336484,11:10,Art and Design: Year 7: 7a/ArR
2023-12-11,31338332,12:05,Computer Science: Year 7: 7a/CsR
2023-12-11,29970743,13:30,Year 7: 7TL
2023-12-11,31242681,14:00,Maths: Year 7: 7a/MaI
2023-12-12,30071833,08:40,Year 7: 7TL
2023-12-12,29860086,09:00,Year 7: 7TL
2023-12-12,31244843,09:55,Maths: Year 7: 7a/MaI
2023-12-12,31246522,11:10,Spanish: Year 7: 7a/SpI
2023-12-12,31344016,12:05,Music: Year 7: 7a/MuR
2023-12-12,29991577,13:30,Year 7: 7TL
2023-12-12,31238127,14:00,English Comb: Year 7: 7a/EnI
2023-12-13,30083853,08:40,Year 7: 7TL
2023-12-13,31240013,09:00,Maths: Year 7: 7a/MaI
2023-12-13,31243095,09:55,Science: Year 7: 7a/ScI
2023-12-13,31339676,11:10,History: Year 7: 7a/HiR
2023-12-13,31341860,12:05,Geography: Year 7: 7a/GeR
2023-12-13,30095629,13:30,Year 7: 7TL
2023-12-13,31247051,14:00,Science: Year 7: 7a/ScI
2023-12-14,30095255,08:40,Year 7: 7TL
2023-12-14,31334972,09:00,Religious Ed: Year 7: 7a/RER
2023-12-14,31239162,09:55,Maths: Year 7: 7a/MaI
2023-12-14,31240910,11:10,English Comb: Year 7: 7a/EnI
2023-12-14,31243486,12:05,Science: Year 7: 7a/ScI
2023-12-14,30101064,13:30,Year 7: 7TL
2023-12-14,31319658,14:00,PE Core: Year 7: 7a/PEY
2023-12-18,29982186,08:40,Year 7: 7TL
2023-12-18,31334384,09:00,Drama: Year 7: 7a/DrR
2023-12-18,31336988,09:55,Computer Science: Year 7: 7a/CsR
2023-12-18,31240864,11:10,Spanish: Year 7: 7a/SpI
2023-12-18,31244406,12:05,Maths: Year 7: 7a/MaI
2023-12-18,29983457,13:30,Year 7: 7TL
2023-12-18,31245280,14:00,Design Tech: Year 7: 7a/DTI
2023-12-19,30082872,08:40,Year 7: 7TL
2023-12-19,31247833,09:00,Spanish: Year 7: 7a/SpI
2023-12-19,31320058,09:55,PE Core: Year 7: 7a/PEY
2023-12-19,31237828,11:10,English Comb: Year 7: 7a/EnI
2023-12-19,31338192,12:05,Religious Ed: Year 7: 7a/RER
2023-12-19,30075677,13:30,Year 7: 7TL
2023-12-19,31242244,14:00,Maths: Year 7: 7a/MaI
2023-12-20,30095223,08:40,Year 7: 7TL
2023-12-20,31340656,09:00,Geography: Year 7: 7a/GeR
2023-12-20,31245717,09:55,English Comb: Year 7: 7a/EnI
2023-12-20,31343484,11:10,Religious Ed: Year 7: 7a/RER
2023-12-20,31344576,12:05,History: Year 7: 7a/HiR
2023-12-20,30107592,13:30,Year 7: 7TL
2023-12-20,31238725,14:00,Science: Year 7: 7a/ScI
2023-12-21,30106578,08:40,Year 7: 7TL
2023-12-21,31240588,09:00,Spanish: Year 7: 7a/SpI
2023-12-21,31339144,09:55,Music: Year 7: 7a/MuR
2023-12-21,31340796,11:10,History: Year 7: 7a/HiR
2023-12-21,31342420,12:05,Art and Design: Year 7: 7a/ArR
2023-12-21,30113079,13:30,Year 7: 7TL
2023-12-21,31248362,14:00,English Comb: Year 7: 7a/EnI
2023-12-22,30112130,08:40,Year 7: 7TL
2023-12-22,31335224,09:00,Religious Ed: Year 7: 7a/RER
2023-12-22,31337520,09:55,History: Year 7: 7a/HiR
2023-12-22,31241784,11:10,Maths: Year 7: 7a/MaI
2023-12-22,31243969,12:05,Design Tech: Year 7: 7a/DTI
2023-12-22,30114810,13:30,Year 7: 7TL
2023-12-22,31340460,14:00,Geography: Year 7: 7a/GeR
2024-01-08,30066509,08:40,Year 7: 7TL
2024-01-08,31246200,09:00,English Comb: Year 7: 7a/EnI
2024-01-08,31248822,09:55,Science: Year 7: 7a/ScI
2024-01-08,31336512,11:10,Art and Design: Year 7: 7a/ArR
2024-01-08,31338388,12:05,Computer Science: Year 7: 7a/CsR
2024-01-08,30068291,13:30,Year 7: 7TL
2024-01-08,31242704,14:00,Maths: Year 7: 7a/MaI
2024-01-09,30098104,08:40,Year 7: 7TL
2024-01-09,29860113,09:00,Year 7: 7TL
2024-01-09,31244866,09:55,Maths: Year 7: 7a/MaI
2024-01-09,31246591,11:10,Spanish: Year 7: 7a/SpI
2024-01-09,31344044,12:05,Music: Year 7: 7a/MuR
2024-01-09,30087841,13:30,Year 7: 7TL
2024-01-09,31238173,14:00,English Comb: Year 7: 7a/EnI
2024-01-10,30107324,08:40,Year 7: 7TL
2024-01-10,31240036,09:00,Maths: Year 7: 7a/MaI
2024-01-10,31243118,09:55,Science: Year 7: 7a/ScI
2024-01-10,31339704,11:10,History: Year 7: 7a/HiR
2024-01-10,31341888,12:05,Geography: Year 7: 7a/GeR
2024-01-10,30118822,13:30,Year 7: 7TL
2024-01-10,31247097,14:00,Science: Year 7: 7a/ScI
2024-01-11,30118008,08:40,Year 7: 7TL
2024-01-11,31335028,09:00,Religious Ed: Year 7: 7a/RER
2024-01-11,31239185,09:55,Maths: Year 7: 7a/MaI
2024-01-11,31240979,11:10,English Comb: Year 7: 7a/EnI
2024-01-11,31243532,12:05,Science: Year 7: 7a/ScI
2024-01-11,30124304,13:30,Year 7: 7TL
2024-01-11,31319678,14:00,PE Core: Year 7: 7a/PEY
2024-01-12,30121578,08:40,Year 7: 7TL
2024-01-12,31342980,09:00,Geography: Year 7: 7a/GeR
2024-01-12,31247350,09:55,English Comb: Year 7: 7a/EnI
2024-01-12,31336008,11:10,Religious Ed: Year 7: 7a/RER
2024-01-12,31239622,12:05,Science: Year 7: 7a/ScI
2024-01-12,30126841,13:30,Year 7: 7TL
2024-01-12,31319318,14:00,PE Core: Year 7: 7a/PEY
2024-01-15,30079012,08:40,Year 7: 7TL
2024-01-15,31334412,09:00,Drama: Year 7: 7a/DrR
2024-01-15,31337016,09:55,Computer Science: Year 7: 7a/CsR
2024-01-15,31240933,11:10,Spanish: Year 7: 7a/SpI
2024-01-15,31244429,12:05,Maths: Year 7: 7a/MaI
2024-01-15,30078375,13:30,Year 7: 7TL
2024-01-15,31245303,14:00,Design Tech: Year 7: 7a/DTI
2024-01-16,30108518,08:40,Year 7: 7TL
2024-01-16,31247879,09:00,Spanish: Year 7: 7a/SpI
2024-01-16,31320078,09:55,PE Core: Year 7: 7a/PEY
2024-01-16,31237874,11:10,English Comb: Year 7: 7a/EnI
2024-01-16,31338248,12:05,Religious Ed: Year 7: 7a/RER
2024-01-16,30099056,13:30,Year 7: 7TL
2024-01-16,31242267,14:00,Maths: Year 7: 7a/MaI
2024-01-17,30118442,08:40,Year 7: 7TL
2024-01-17,31340768,09:00,Geography: Year 7: 7a/GeR
2024-01-17,31245763,09:55,English Comb: Year 7: 7a/EnI
2024-01-17,31343512,11:10,Religious Ed: Year 7: 7a/RER
2024-01-17,31344604,12:05,History: Year 7: 7a/HiR
2024-01-17,30129753,13:30,Year 7: 7TL
2024-01-17,31238748,14:00,Science: Year 7: 7a/ScI
2024-01-18,30130033,08:40,Year 7: 7TL
2024-01-18,31240657,09:00,Spanish: Year 7: 7a/SpI
2024-01-18,31339172,09:55,Music: Year 7: 7a/MuR
2024-01-18,31340880,11:10,History: Year 7: 7a/HiR
2024-01-18,31342448,12:05,Art and Design: Year 7: 7a/ArR
2024-01-18,30135732,13:30,Year 7: 7TL
2024-01-18,31248385,14:00,English Comb: Year 7: 7a/EnI
2024-01-19,30134808,08:40,Year 7: 7TL
2024-01-19,31335280,09:00,Religious Ed: Year 7: 7a/RER
2024-01-19,31337548,09:55,History: Year 7: 7a/HiR
2024-01-19,31241807,11:10,Maths: Year 7: 7a/MaI
2024-01-19,31243992,12:05,Design Tech: Year 7: 7a/DTI
2024-01-19,30137652,13:30,Year 7: 7TL
2024-01-19,31340544,14:00,Geography: Year 7: 7a/GeR
2024-01-22,30091321,08:40,Year 7: 7TL
2024-01-22,31246223,09:00,English Comb: Year 7: 7a/EnI
2024-01-22,31248845,09:55,Science: Year 7: 7a/ScI
2024-01-22,31336540,11:10,Art and Design: Year 7: 7a/ArR
2024-01-22,31338444,12:05,Computer Science: Year 7: 7a/CsR
2024-01-22,30090398,13:30,Year 7: 7TL
2024-01-22,31242727,14:00,Maths: Year 7: 7a/MaI
2024-01-23,30121283,08:40,Year 7: 7TL
2024-01-23,29860140,09:00,Year 7: 7TL
2024-01-23,31244889,09:55,Maths: Year 7: 7a/MaI
2024-01-23,31246614,11:10,Spanish: Year 7: 7a/SpI
2024-01-23,31344072,12:05,Music: Year 7: 7a/MuR
2024-01-23,30112513,13:30,Year 7: 7TL
2024-01-23,31238219,14:00,English Comb: Year 7: 7a/EnI
2024-01-24,30130373,08:40,Year 7: 7TL
2024-01-24,31240059,09:00,Maths: Year 7: 7a/MaI
2024-01-24,31243141,09:55,Science: Year 7: 7a/ScI
2024-01-24,31339732,11:10,History: Year 7: 7a/HiR
2024-01-24,31341916,12:05,Geography: Year 7: 7a/GeR
2024-01-24,30141800,13:30,Year 7: 7TL
2024-01-24,31247143,14:00,Science: Year 7: 7a/ScI
2024-01-25,30141917,08:40,Year 7: 7TL
2024-01-25,31335084,09:00,Religious Ed: Year 7: 7a/RER
2024-01-25,31239208,09:55,Maths: Year 7: 7a/MaI
2024-01-25,31241048,11:10,English Comb: Year 7: 7a/EnI
2024-01-25,31243578,12:05,Science: Year 7: 7a/ScI
2024-01-25,30144891,13:30,Year 7: 7TL
2024-01-25,31319698,14:00,PE Core: Year 7: 7a/PEY
2024-01-26,30145654,08:40,Year 7: 7TL
2024-01-26,31343008,09:00,Geography: Year 7: 7a/GeR
2024-01-26,31247419,09:55,English Comb: Year 7: 7a/EnI
2024-01-26,31336036,11:10,Religious Ed: Year 7: 7a/RER
2024-01-26,31239645,12:05,Science: Year 7: 7a/ScI
2024-01-26,30146446,13:30,Year 7: 7TL
2024-01-26,31319338,14:00,PE Core: Year 7: 7a/PEY
2024-01-29,30105248,08:40,Year 7: 7TL
2024-01-29,31334440,09:00,Drama: Year 7: 7a/DrR
2024-01-29,31337044,09:55,Computer Science: Year 7: 7a/CsR
2024-01-29,31241002,11:10,Spanish: Year 7: 7a/SpI
2024-01-29,31244452,12:05,Maths: Year 7: 7a/MaI
2024-01-29,30099088,13:30,Year 7: 7TL
2024-01-29,31245326,14:00,Design Tech: Year 7: 7a/DTI
2024-01-30,30132645,08:40,Year 7: 7TL
2024-01-30,31247925,09:00,Spanish: Year 7: 7a/SpI
2024-01-30,31320098,09:55,PE Core: Year 7: 7a/PEY
2024-01-30,31237920,11:10,English Comb: Year 7: 7a/EnI
2024-01-30,31338304,12:05,Religious Ed: Year 7: 7a/RER
2024-01-30,30123223,13:30,Year 7: 7TL
2024-01-30,31242290,14:00,Maths: Year 7: 7a/MaI
2024-01-31,30142871,08:40,Year 7: 7TL
2024-01-31,31340852,09:00,Geography: Year 7: 7a/GeR
2024-01-31,31245786,09:55,English Comb: Year 7: 7a/EnI
2024-01-31,31343540,11:10,Religious Ed: Year 7: 7a/RER
2024-01-31,31344632,12:05,History: Year 7: 7a/HiR
2024-01-31,30155916,13:30,Year 7: 7TL
2024-01-31,31238771,14:00,Science: Year 7: 7a/ScI
2024-02-01,30150100,08:40,Year 7: 7TL
2024-02-01,31240726,09:00,Spanish: Year 7: 7a/SpI
2024-02-01,31339200,09:55,Music: Year 7: 7a/MuR
2024-02-01,31340964,11:10,History: Year 7: 7a/HiR
2024-02-01,31342476,12:05,Art and Design: Year 7: 7a/ArR
2024-02-01,30153640,13:30,Year 7: 7TL
2024-02-01,31248408,14:00,English Comb: Year 7: 7a/EnI
2024-02-02,30155238,08:40,Year 7: 7TL
2024-02-02,31335364,09:00,Religious Ed: Year 7: 7a/RER
2024-02-02,31337576,09:55,History: Year 7: 7a/HiR
2024-02-02,31241830,11:10,Maths: Year 7: 7a/MaI
2024-02-02,31244015,12:05,Design Tech: Year 7: 7a/DTI
2024-02-02,30156957,13:30,Year 7: 7TL
2024-02-02,31340628,14:00,Geography: Year 7: 7a/GeR
2024-02-05,30118697,08:40,Year 7: 7TL
2024-02-05,31246246,09:00,English Comb: Year 7: 7a/EnI
2024-02-05,31248868,09:55,Science: Year 7: 7a/ScI
2024-02-05,31336568,11:10,Art and Design: Year 7: 7a/ArR
2024-02-05,31338500,12:05,Computer Science: Year 7: 7a/CsR
2024-02-05,30111047,13:30,Year 7: 7TL
2024-02-05,31242750,14:00,Maths: Year 7: 7a/MaI
2024-02-06,30143648,08:40,Year 7: 7TL
2024-02-06,29860167,09:00,Year 7: 7TL
2024-02-06,31244912,09:55,Maths: Year 7: 7a/MaI
2024-02-06,31246660,11:10,Spanish: Year 7: 7a/SpI
2024-02-06,31344100,12:05,Music: Year 7: 7a/MuR
2024-02-06,30133201,13:30,Year 7: 7TL
2024-02-06,31238265,14:00,English Comb: Year 7: 7a/EnI
2024-02-07,30153735,08:40,Year 7: 7TL
2024-02-07,31240082,09:00,Maths: Year 7: 7a/MaI
2024-02-07,31243164,09:55,Science: Year 7: 7a/ScI
2024-02-07,31339760,11:10,History: Year 7: 7a/HiR
2024-02-07,31341944,12:05,Geography: Year 7: 7a/GeR
2024-02-07,30167709,13:30,Year 7: 7TL
2024-02-07,31247189,14:00,Science: Year 7: 7a/ScI
2024-02-08,30159001,08:40,Year 7: 7TL
2024-02-08,31335140,09:00,Religious Ed: Year 7: 7a/RER
2024-02-08,31239231,09:55,Maths: Year 7: 7a/MaI
2024-02-08,31241117,11:10,English Comb: Year 7: 7a/EnI
2024-02-08,31243601,12:05,Science: Year 7: 7a/ScI
2024-02-08,30160992,13:30,Year 7: 7TL
2024-02-08,31319718,14:00,PE Core: Year 7: 7a/PEY
2024-02-09,30165538,08:40,Year 7: 7TL
2024-02-09,31343036,09:00,Geography: Year 7: 7a/GeR
2024-02-09,31247511,09:55,English Comb: Year 7: 7a/EnI
2024-02-09,31336064,11:10,Religious Ed: Year 7: 7a/RER
2024-02-09,31239668,12:05,Science: Year 7: 7a/ScI
2024-02-09,30169183,13:30,Year 7: 7TL
2024-02-09,31319358,14:00,PE Core: Year 7: 7a/PEY
2024-02-12,30130760,08:40,Year 7: 7TL
2024-02-12,31334468,09:00,Drama: Year 7: 7a/DrR
2024-02-12,31337072,09:55,Computer Science: Year 7: 7a/CsR
2024-02-12,31241071,11:10,Spanish: Year 7: 7a/SpI
2024-02-12,31244475,12:05,Maths: Year 7: 7a/MaI
2024-02-12,30123907,13:30,Year 7: 7TL
2024-02-12,31245349,14:00,Design Tech: Year 7: 7a/DTI
2024-02-13,30152385,08:40,Year 7: 7TL
2024-02-13,31247971,09:00,Spanish: Year 7: 7a/SpI
2024-02-13,31320118,09:55,PE Core: Year 7: 7a/PEY
2024-02-13,31237966,11:10,English Comb: Year 7: 7a/EnI
2024-02-13,31338360,12:05,Religious Ed: Year 7: 7a/RER
2024-02-13,30142072,13:30,Year 7: 7TL
2024-02-13,31242313,14:00,Maths: Year 7: 7a/MaI
2024-02-14,30164654,08:40,Year 7: 7TL
2024-02-14,31340908,09:00,Geography: Year 7: 7a/GeR
2024-02-14,31245809,09:55,English Comb: Year 7: 7a/EnI
2024-02-14,31343568,11:10,Religious Ed: Year 7: 7a/RER
2024-02-14,31344660,12:05,History: Year 7: 7a/HiR
2024-02-14,30184915,13:30,Year 7: 7TL
2024-02-14,31238794,14:00,Science: Year 7: 7a/ScI
2024-02-15,30172049,08:40,Year 7: 7TL
2024-02-15,31240772,09:00,Spanish: Year 7: 7a/SpI
2024-02-15,31339228,09:55,Music: Year 7: 7a/MuR
2024-02-15,31341048,11:10,History: Year 7: 7a/HiR
2024-02-15,31342504,12:05,Art and Design: Year 7: 7a/ArR
2024-02-15,30172781,13:30,Year 7: 7TL
2024-02-15,31248431,14:00,English Comb: Year 7: 7a/EnI
2024-02-16,30175706,08:40,Year 7: 7TL
2024-02-16,31335420,09:00,Religious Ed: Year 7: 7a/RER
2024-02-16,31337604,09:55,History: Year 7: 7a/HiR
2024-02-16,31241853,11:10,Maths: Year 7: 7a/MaI
2024-02-16,31244038,12:05,Design Tech: Year 7: 7a/DTI
2024-02-16,30178292,13:30,Year 7: 7TL
2024-02-16,31340712,14:00,Geography: Year 7: 7a/GeR
2024-02-26,30139460,08:40,Year 7: 7TL
2024-02-26,31246292,09:00,English Comb: Year 7: 7a/EnI
2024-02-26,31248891,09:55,Science: Year 7: 7a/ScI
2024-02-26,31336596,11:10,Art and Design: Year 7: 7a/ArR
2024-02-26,31338556,12:05,Computer Science: Year 7: 7a/CsR
2024-02-26,30137825,13:30,Year 7: 7TL
2024-02-26,31242773,14:00,Maths: Year 7: 7a/MaI
2024-02-27,30165965,08:40,Year 7: 7TL
2024-02-27,29860194,09:00,Year 7: 7TL
2024-02-27,31244935,09:55,Maths: Year 7: 7a/MaI
2024-02-27,31246683,11:10,Spanish: Year 7: 7a/SpI
2024-02-27,31344128,12:05,Music: Year 7: 7a/MuR
2024-02-27,30153824,13:30,Year 7: 7TL
2024-02-27,31238311,14:00,English Comb: Year 7: 7a/EnI
2024-02-28,30177220,08:40,Year 7: 7TL
2024-02-28,31240105,09:00,Maths: Year 7: 7a/MaI
2024-02-28,31243187,09:55,Science: Year 7: 7a/ScI
2024-02-28,31339788,11:10,History: Year 7: 7a/HiR
2024-02-28,31341972,12:05,Geography: Year 7: 7a/GeR
2024-02-28,30197093,13:30,Year 7: 7TL
2024-02-28,31247235,14:00,Science: Year 7: 7a/ScI
2024-02-29,30183736,08:40,Year 7: 7TL
2024-02-29,31335196,09:00,Religious Ed: Year 7: 7a/RER
2024-02-29,31239254,09:55,Maths: Year 7: 7a/MaI
2024-02-29,31241186,11:10,English Comb: Year 7: 7a/EnI
2024-02-29,31243624,12:05,Science: Year 7: 7a/ScI
2024-02-29,30182925,13:30,Year 7: 7TL
2024-02-29,31319738,14:00,PE Core: Year 7: 7a/PEY
2024-03-01,30184320,08:40,Year 7: 7TL
2024-03-01,31343064,09:00,Geography: Year 7: 7a/GeR
2024-03-01,31247580,09:55,English Comb: Year 7: 7a/EnI
2024-03-01,31336092,11:10,Religious Ed: Year 7: 7a/RER
2024-03-01,31239691,12:05,Science: Year 7: 7a/ScI
2024-03-01,30190722,13:30,Year 7: 7TL
2024-03-01,31319378,14:00,PE Core: Year 7: 7a/PEY
2024-03-04,30151885,08:40,Year 7: 7TL
2024-03-04,31334496,09:00,Drama: Year 7: 7a/DrR
2024-03-04,31337100,09:55,Computer Science: Year 7: 7a/CsR
2024-03-04,31241140,11:10,Spanish: Year 7: 7a/SpI
2024-03-04,31244498,12:05,Maths: Year 7: 7a/MaI
2024-03-04,30155471,13:30,Year 7: 7TL
2024-03-04,31245395,14:00,Design Tech: Year 7: 7a/DTI
2024-03-05,30174984,08:40,Year 7: 7TL
2024-03-05,31247994,09:00,Spanish: Year 7: 7a/SpI
2024-03-05,31320138,09:55,PE Core: Year 7: 7a/PEY
2024-03-05,31238012,11:10,English Comb: Year 7: 7a/EnI
2024-03-05,31338416,12:05,Religious Ed: Year 7: 7a/RER
2024-03-05,30166487,13:30,Year 7: 7TL
2024-03-05,31242336,14:00,Maths: Year 7: 7a/MaI
2024-03-06,30188561,08:40,Year 7: 7TL
2024-03-06,31341020,09:00,Geography: Year 7: 7a/GeR
2024-03-06,31245832,09:55,English Comb: Year 7: 7a/EnI
2024-03-06,31343596,11:10,Religious Ed: Year 7: 7a/RER
2024-03-06,31344688,12:05,History: Year 7: 7a/HiR
2024-03-06,30209694,13:30,Year 7: 7TL
2024-03-06,31238817,14:00,Science: Year 7: 7a/ScI
2024-03-07,30195585,08:40,Year 7: 7TL
2024-03-07,31240841,09:00,Spanish: Year 7: 7a/SpI
2024-03-07,31339256,09:55,Music: Year 7: 7a/MuR
2024-03-07,31341132,11:10,History: Year 7: 7a/HiR
2024-03-07,31342532,12:05,Art and Design: Year 7: 7a/ArR
2024-03-07,30192742,13:30,Year 7: 7TL
2024-03-07,31248454,14:00,English Comb: Year 7: 7a/EnI
2024-03-08,30192525,08:40,Year 7: 7TL
2024-03-08,31335476,09:00,Religious Ed: Year 7: 7a/RER
2024-03-08,31337632,09:55,History: Year 7: 7a/HiR
2024-03-08,31241876,11:10,Maths: Year 7: 7a/MaI
2024-03-08,31244061,12:05,Design Tech: Year 7: 7a/DTI
2024-03-08,30203431,13:30,Year 7: 7TL
2024-03-08,31340740,14:00,Geography: Year 7: 7a/GeR
2024-03-11,30162921,08:40,Year 7: 7TL
2024-03-11,31246338,09:00,English Comb: Year 7: 7a/EnI
2024-03-11,31248914,09:55,Science: Year 7: 7a/ScI
2024-03-11,31336624,11:10,Art and Design: Year 7: 7a/ArR
2024-03-11,31338612,12:05,Computer Science: Year 7: 7a/CsR
2024-03-11,30165601,13:30,Year 7: 7TL
2024-03-11,31242796,14:00,Maths: Year 7: 7a/MaI
2024-03-12,30186637,08:40,Year 7: 7TL
2024-03-12,29860221,09:00,Year 7: 7TL
2024-03-12,31244958,09:55,Maths: Year 7: 7a/MaI
2024-03-12,31246706,11:10,Spanish: Year 7: 7a/SpI
2024-03-12,31344156,12:05,Music: Year 7: 7a/MuR
2024-03-12,30179522,13:30,Year 7: 7TL
2024-03-12,31238357,14:00,English Comb: Year 7: 7a/EnI
2024-03-13,30200674,08:40,Year 7: 7TL
2024-03-13,31240128,09:00,Maths: Year 7: 7a/MaI
2024-03-13,31243233,09:55,Science: Year 7: 7a/ScI
2024-03-13,31339816,11:10,History: Year 7: 7a/HiR
2024-03-13,31342000,12:05,Geography: Year 7: 7a/GeR
2024-03-13,30223023,13:30,Year 7: 7TL
2024-03-13,31247281,14:00,Science: Year 7: 7a/ScI
2024-03-14,30211421,08:40,Year 7: 7TL
2024-03-14,31335252,09:00,Religious Ed: Year 7: 7a/RER
2024-03-14,31239277,09:55,Maths: Year 7: 7a/MaI
2024-03-14,31241255,11:10,English Comb: Year 7: 7a/EnI
2024-03-14,31243647,12:05,Science: Year 7: 7a/ScI
2024-03-14,30203749,13:30,Year 7: 7TL
2024-03-14,31319758,14:00,PE Core: Year 7: 7a/PEY
2024-03-15,30204436,08:40,Year 7: 7TL
2024-03-15,31343092,09:00,Geography: Year 7: 7a/GeR
2024-03-15,31247649,09:55,English Comb: Year 7: 7a/EnI
2024-03-15,31336120,11:10,Religious Ed: Year 7: 7a/RER
2024-03-15,31239714,12:05,Science: Year 7: 7a/ScI
2024-03-15,30216178,13:30,Year 7: 7TL
2024-03-15,31319398,14:00,PE Core: Year 7: 7a/PEY
2024-03-18,30177338,08:40,Year 7: 7TL
2024-03-18,31334524,09:00,Drama: Year 7: 7a/DrR
2024-03-18,31337128,09:55,Computer Science: Year 7: 7a/CsR
2024-03-18,31241209,11:10,Spanish: Year 7: 7a/SpI
2024-03-18,31244521,12:05,Maths: Year 7: 7a/MaI
2024-03-18,30176262,13:30,Year 7: 7TL
2024-03-18,31245441,14:00,Design Tech: Year 7: 7a/DTI
2024-03-19,30196468,08:40,Year 7: 7TL
2024-03-19,31248017,09:00,Spanish: Year 7: 7a/SpI
2024-03-19,31320158,09:55,PE Core: Year 7: 7a/PEY
2024-03-19,31238058,11:10,English Comb: Year 7: 7a/EnI
2024-03-19,31338472,12:05,Religious Ed: Year 7: 7a/RER
2024-03-19,30191384,13:30,Year 7: 7TL
2024-03-19,31242359,14:00,Maths: Year 7: 7a/MaI
2024-03-20,30212880,08:40,Year 7: 7TL
2024-03-20,31341104,09:00,Geography: Year 7: 7a/GeR
2024-03-20,31245855,09:55,English Comb: Year 7: 7a/EnI
2024-03-20,31343624,11:10,Religious Ed: Year 7: 7a/RER
2024-03-20,31344716,12:05,History: Year 7: 7a/HiR
2024-03-20,30237103,13:30,Year 7: 7TL
2024-03-20,31238840,14:00,Science: Year 7: 7a/ScI
2024-03-21,30222657,08:40,Year 7: 7TL
2024-03-21,31240887,09:00,Spanish: Year 7: 7a/SpI
2024-03-21,31339284,09:55,Music: Year 7: 7a/MuR
2024-03-21,31341216,11:10,History: Year 7: 7a/HiR
2024-03-21,31342560,12:05,Art and Design: Year 7: 7a/ArR
2024-03-21,30212219,13:30,Year 7: 7TL
2024-03-21,31248477,14:00,English Comb: Year 7: 7a/EnI
2024-03-22,30214424,08:40,Year 7: 7TL
2024-03-22,31335532,09:00,Religious Ed: Year 7: 7a/RER
2024-03-22,31337660,09:55,History: Year 7: 7a/HiR
2024-03-22,31241899,11:10,Maths: Year 7: 7a/MaI
2024-03-22,31244084,12:05,Design Tech: Year 7: 7a/DTI
2024-03-22,30227505,13:30,Year 7: 7TL
2024-03-22,31340824,14:00,Geography: Year 7: 7a/GeR
2024-03-25,30188949,08:40,Year 7: 7TL
2024-03-25,31246384,09:00,English Comb: Year 7: 7a/EnI
2024-03-25,31248937,09:55,Science: Year 7: 7a/ScI
2024-03-25,31336652,11:10,Art and Design: Year 7: 7a/ArR
2024-03-25,31338640,12:05,Computer Science: Year 7: 7a/CsR
2024-03-25,30187611,13:30,Year 7: 7TL
2024-03-25,31242819,14:00,Maths: Year 7: 7a/MaI
2024-03-26,30206442,08:40,Year 7: 7TL
2024-03-26,29860248,09:00,Year 7: 7TL
2024-03-26,31244981,09:55,Maths: Year 7: 7a/MaI
2024-03-26,31246729,11:10,Spanish: Year 7: 7a/SpI
2024-03-26,31344184,12:05,Music: Year 7: 7a/MuR
2024-03-26,30204866,13:30,Year 7: 7TL
2024-03-26,31238403,14:00,English Comb: Year 7: 7a/EnI
2024-03-27,30224524,08:40,Year 7: 7TL
2024-03-27,31240151,09:00,Maths: Year 7: 7a/MaI
2024-03-27,31243279,09:55,Science: Year 7: 7a/ScI
2024-03-27,31339844,11:10,History: Year 7: 7a/HiR
2024-03-27,31342028,12:05,Geography: Year 7: 7a/GeR
2024-03-27,30249365,13:30,Year 7: 7TL
2024-03-27,31247327,14:00,Science: Year 7: 7a/ScI
2024-03-28,30233505,08:40,Year 7: 7TL
2024-03-28,31335308,09:00,Religious Ed: Year 7: 7a/RER
2024-03-28,31239300,09:55,Maths: Year 7: 7a/MaI
2024-03-28,31241324,11:10,English Comb: Year 7: 7a/EnI
2024-03-28,31243670,12:05,Science: Year 7: 7a/ScI
2024-03-28,30223769,13:30,Year 7: 7TL
2024-03-28,31319778,14:00,PE Core: Year 7: 7a/PEY
2024-04-15,30201155,08:40,Year 7: 7TL
2024-04-15,31334552,09:00,Drama: Year 7: 7a/DrR
2024-04-15,31337156,09:55,Computer Science: Year 7: 7a/CsR
2024-04-15,31241278,11:10,Spanish: Year 7: 7a/SpI
2024-04-15,31244544,12:05,Maths: Year 7: 7a/MaI
2024-04-15,30199972,13:30,Year 7: 7TL
2024-04-15,31245464,14:00,Design Tech: Year 7: 7a/DTI
2024-04-16,30217823,08:40,Year 7: 7TL
2024-04-16,31248040,09:00,Spanish: Year 7: 7a/SpI
2024-04-16,31320178,09:55,PE Core: Year 7: 7a/PEY
2024-04-16,31238104,11:10,English Comb: Year 7: 7a/EnI
2024-04-16,31338528,12:05,Religious Ed: Year 7: 7a/RER
2024-04-16,30216392,13:30,Year 7: 7TL
2024-04-16,31242382,14:00,Maths: Year 7: 7a/MaI
2024-04-17,30236292,08:40,Year 7: 7TL
2024-04-17,31341188,09:00,Geography: Year 7: 7a/GeR
2024-04-17,31245878,09:55,English Comb: Year 7: 7a/EnI
2024-04-17,31343652,11:10,Religious Ed: Year 7: 7a/RER
2024-04-17,31344744,12:05,History: Year 7: 7a/HiR
2024-04-17,30264783,13:30,Year 7: 7TL
2024-04-17,31238863,14:00,Science: Year 7: 7a/ScI
2024-04-18,30246924,08:40,Year 7: 7TL
2024-04-18,31240956,09:00,Spanish: Year 7: 7a/SpI
2024-04-18,31339312,09:55,Music: Year 7: 7a/MuR
2024-04-18,31341300,11:10,History: Year 7: 7a/HiR
2024-04-18,31342588,12:05,Art and Design: Year 7: 7a/ArR
2024-04-18,30232821,13:30,Year 7: 7TL
2024-04-18,31248500,14:00,English Comb: Year 7: 7a/EnI
2024-04-19,30226557,08:40,Year 7: 7TL
2024-04-19,31335588,09:00,Religious Ed: Year 7: 7a/RER
2024-04-19,31337688,09:55,History: Year 7: 7a/HiR
2024-04-19,31241922,11:10,Maths: Year 7: 7a/MaI
2024-04-19,31244107,12:05,Design Tech: Year 7: 7a/DTI
2024-04-19,30238011,13:30,Year 7: 7TL
2024-04-19,31340936,14:00,Geography: Year 7: 7a/GeR
2024-04-22,30213991,08:40,Year 7: 7TL
2024-04-22,31246430,09:00,English Comb: Year 7: 7a/EnI
2024-04-22,31248960,09:55,Science: Year 7: 7a/ScI
2024-04-22,31336736,11:10,Art and Design: Year 7: 7a/ArR
2024-04-22,31338696,12:05,Computer Science: Year 7: 7a/CsR
2024-04-22,30209980,13:30,Year 7: 7TL
2024-04-22,31242842,14:00,Maths: Year 7: 7a/MaI
2024-04-23,30228682,08:40,Year 7: 7TL
2024-04-23,29860275,09:00,Year 7: 7TL
2024-04-23,31245004,09:55,Maths: Year 7: 7a/MaI
2024-04-23,31246752,11:10,Spanish: Year 7: 7a/SpI
2024-04-23,31344212,12:05,Music: Year 7: 7a/MuR
2024-04-23,30227127,13:30,Year 7: 7TL
2024-04-23,31238426,14:00,English Comb: Year 7: 7a/EnI
2024-04-24,30247965,08:40,Year 7: 7TL
2024-04-24,31240174,09:00,Maths: Year 7: 7a/MaI
2024-04-24,31243325,09:55,Science: Year 7: 7a/ScI
2024-04-24,31339872,11:10,History: Year 7: 7a/HiR
2024-04-24,31342056,12:05,Geography: Year 7: 7a/GeR
2024-04-24,30277035,13:30,Year 7: 7TL
2024-04-24,31247373,14:00,Science: Year 7: 7a/ScI
2024-04-25,30256861,08:40,Year 7: 7TL
2024-04-25,31335336,09:00,Religious Ed: Year 7: 7a/RER
2024-04-25,31239323,09:55,Maths: Year 7: 7a/MaI
2024-04-25,31241393,11:10,English Comb: Year 7: 7a/EnI
2024-04-25,31243693,12:05,Science: Year 7: 7a/ScI
2024-04-25,30242998,13:30,Year 7: 7TL
2024-04-25,31319798,14:00,PE Core: Year 7: 7a/PEY
2024-04-26,30236685,08:40,Year 7: 7TL
2024-04-26,31343120,09:00,Geography: Year 7: 7a/GeR
2024-04-26,31247718,09:55,English Comb: Year 7: 7a/EnI
2024-04-26,31336148,11:10,Religious Ed: Year 7: 7a/RER
2024-04-26,31239737,12:05,Science: Year 7: 7a/ScI
2024-04-26,30248554,13:30,Year 7: 7TL
2024-04-26,31319418,14:00,PE Core: Year 7: 7a/PEY
2024-04-29,30224823,08:40,Year 7: 7TL
2024-04-29,31334580,09:00,Drama: Year 7: 7a/DrR
2024-04-29,31337184,09:55,Computer Science: Year 7: 7a/CsR
2024-04-29,31241347,11:10,Spanish: Year 7: 7a/SpI
2024-04-29,31244567,12:05,Maths: Year 7: 7a/MaI
2024-04-29,30221820,13:30,Year 7: 7TL
2024-04-29,31245533,14:00,Design Tech: Year 7: 7a/DTI
2024-04-30,30241159,08:40,Year 7: 7TL
2024-04-30,31248063,09:00,Spanish: Year 7: 7a/SpI
2024-04-30,31320198,09:55,PE Core: Year 7: 7a/PEY
2024-04-30,31238150,11:10,English Comb: Year 7: 7a/EnI
2024-04-30,31338584,12:05,Religious Ed: Year 7: 7a/RER
2024-04-30,30238595,13:30,Year 7: 7TL
2024-04-30,31242405,14:00,Maths: Year 7: 7a/MaI
2024-05-01,30259384,08:40,Year 7: 7TL
2024-05-01,31341272,09:00,Geography: Year 7: 7a/GeR
2024-05-01,31245901,09:55,English Comb: Year 7: 7a/EnI
2024-05-01,31343680,11:10,Religious Ed: Year 7: 7a/RER
2024-05-01,31344772,12:05,History: Year 7: 7a/HiR
2024-05-01,30287550,13:30,Year 7: 7TL
2024-05-01,31238909,14:00,Science: Year 7: 7a/ScI
2024-05-02,30269072,08:40,Year 7: 7TL
2024-05-02,31241025,09:00,Spanish: Year 7: 7a/SpI
2024-05-02,31339340,09:55,Music: Year 7: 7a/MuR
2024-05-02,31341384,11:10,History: Year 7: 7a/HiR
2024-05-02,31342616,12:05,Art and Design: Year 7: 7a/ArR
2024-05-02,30254177,13:30,Year 7: 7TL
2024-05-02,31248523,14:00,English Comb: Year 7: 7a/EnI
2024-05-03,30248426,08:40,Year 7: 7TL
2024-05-03,31335644,09:00,Religious Ed: Year 7: 7a/RER
2024-05-03,31337716,09:55,History: Year 7: 7a/HiR
2024-05-03,31241945,11:10,Maths: Year 7: 7a/MaI
2024-05-03,31244130,12:05,Design Tech: Year 7: 7a/DTI
2024-05-03,30259352,13:30,Year 7: 7TL
2024-05-03,31340992,14:00,Geography: Year 7: 7a/GeR
2024-05-07,30252274,08:40,Year 7: 7TL
2024-05-07,29860302,09:00,Year 7: 7TL
2024-05-07,31245027,09:55,Maths: Year 7: 7a/MaI
2024-05-07,31246775,11:10,Spanish: Year 7: 7a/SpI
2024-05-07,31344240,12:05,Music: Year 7: 7a/MuR
2024-05-07,30249909,13:30,Year 7: 7TL
2024-05-07,31238449,14:00,English Comb: Year 7: 7a/EnI
2024-05-08,30271447,08:40,Year 7: 7TL
2024-05-08,31240197,09:00,Maths: Year 7: 7a/MaI
2024-05-08,31243371,09:55,Science: Year 7: 7a/ScI
2024-05-08,31339900,11:10,History: Year 7: 7a/HiR
2024-05-08,31342084,12:05,Geography: Year 7: 7a/GeR
2024-05-08,30299735,13:30,Year 7: 7TL
2024-05-08,31247442,14:00,Science: Year 7: 7a/ScI
2024-05-09,30281551,08:40,Year 7: 7TL
2024-05-09,31335392,09:00,Religious Ed: Year 7: 7a/RER
2024-05-09,31239346,09:55,Maths: Year 7: 7a/MaI
2024-05-09,31241439,11:10,English Comb: Year 7: 7a/EnI
2024-05-09,31243716,12:05,Science: Year 7: 7a/ScI
2024-05-09,30265949,13:30,Year 7: 7TL
2024-05-09,31319818,14:00,PE Core: Year 7: 7a/PEY
2024-05-10,30258504,08:40,Year 7: 7TL
2024-05-10,31343148,09:00,Geography: Year 7: 7a/GeR
2024-05-10,31247764,09:55,English Comb: Year 7: 7a/EnI
2024-05-10,31336176,11:10,Religious Ed: Year 7: 7a/RER
2024-05-10,31239760,12:05,Science: Year 7: 7a/ScI
2024-05-10,30271270,13:30,Year 7: 7TL
2024-05-10,31319438,14:00,PE Core: Year 7: 7a/PEY
2024-05-13,30237543,08:40,Year 7: 7TL
2024-05-13,31334608,09:00,Drama: Year 7: 7a/DrR
2024-05-13,31337212,09:55,Computer Science: Year 7: 7a/CsR
2024-05-13,31241416,11:10,Spanish: Year 7: 7a/SpI
2024-05-13,31244590,12:05,Maths: Year 7: 7a/MaI
2024-05-13,30230874,13:30,Year 7: 7TL
2024-05-13,31245556,14:00,Design Tech: Year 7: 7a/DTI
2024-05-14,30263867,08:40,Year 7: 7TL
2024-05-14,31248086,09:00,Spanish: Year 7: 7a/SpI
2024-05-14,31320218,09:55,PE Core: Year 7: 7a/PEY
2024-05-14,31238196,11:10,English Comb: Year 7: 7a/EnI
2024-05-14,31338668,12:05,Religious Ed: Year 7: 7a/RER
2024-05-14,30261622,13:30,Year 7: 7TL
2024-05-14,31242428,14:00,Maths: Year 7: 7a/MaI
2024-05-15,30282861,08:40,Year 7: 7TL
2024-05-15,31341356,09:00,Geography: Year 7: 7a/GeR
2024-05-15,31245924,09:55,English Comb: Year 7: 7a/EnI
2024-05-15,31343708,11:10,Religious Ed: Year 7: 7a/RER
2024-05-15,31344800,12:05,History: Year 7: 7a/HiR
2024-05-15,30310417,13:30,Year 7: 7TL
2024-05-15,31238955,14:00,Science: Year 7: 7a/ScI
2024-05-16,30293162,08:40,Year 7: 7TL
2024-05-16,31241094,09:00,Spanish: Year 7: 7a/SpI
2024-05-16,31339368,09:55,Music: Year 7: 7a/MuR
2024-05-16,31341468,11:10,History: Year 7: 7a/HiR
2024-05-16,31342644,12:05,Art and Design: Year 7: 7a/ArR
2024-05-16,30279564,13:30,Year 7: 7TL
2024-05-16,31248546,14:00,English Comb: Year 7: 7a/EnI
2024-05-17,30268697,08:40,Year 7: 7TL
2024-05-17,31335672,09:00,Religious Ed: Year 7: 7a/RER
2024-05-17,31337744,09:55,History: Year 7: 7a/HiR
2024-05-17,31241991,11:10,Maths: Year 7: 7a/MaI
2024-05-17,31244153,12:05,Design Tech: Year 7: 7a/DTI
2024-05-17,30283388,13:30,Year 7: 7TL
2024-05-17,31341076,14:00,Geography: Year 7: 7a/GeR
2024-05-20,30249304,08:40,Year 7: 7TL
2024-05-20,31246476,09:00,English Comb: Year 7: 7a/EnI
2024-05-20,31248983,09:55,Science: Year 7: 7a/ScI
2024-05-20,31336792,11:10,Art and Design: Year 7: 7a/ArR
2024-05-20,31338752,12:05,Computer Science: Year 7: 7a/CsR
2024-05-20,30243166,13:30,Year 7: 7TL
2024-05-20,31242865,14:00,Maths: Year 7: 7a/MaI
2024-05-21,30275505,08:40,Year 7: 7TL
2024-05-21,29860329,09:00,Year 7: 7TL
2024-05-21,31245050,09:55,Maths: Year 7: 7a/MaI
2024-05-21,31246798,11:10,Spanish: Year 7: 7a/SpI
2024-05-21,31344268,12:05,Music: Year 7: 7a/MuR
2024-05-21,30274652,13:30,Year 7: 7TL
2024-05-21,31238472,14:00,English Comb: Year 7: 7a/EnI
2024-05-22,30294432,08:40,Year 7: 7TL
2024-05-22,31240220,09:00,Maths: Year 7: 7a/MaI
2024-05-22,31243417,09:55,Science: Year 7: 7a/ScI
2024-05-22,31339928,11:10,History: Year 7: 7a/HiR
2024-05-22,31342112,12:05,Geography: Year 7: 7a/GeR
2024-05-22,30322255,13:30,Year 7: 7TL
2024-05-22,31247488,14:00,Science: Year 7: 7a/ScI
2024-05-23,30303410,08:40,Year 7: 7TL
2024-05-23,31335448,09:00,Religious Ed: Year 7: 7a/RER
2024-05-23,31239369,09:55,Maths: Year 7: 7a/MaI
2024-05-23,31241508,11:10,English Comb: Year 7: 7a/EnI
2024-05-23,31243739,12:05,Science: Year 7: 7a/ScI
2024-05-23,30289306,13:30,Year 7: 7TL
2024-05-23,31319838,14:00,PE Core: Year 7: 7a/PEY
2024-05-24,30279832,08:40,Year 7: 7TL
2024-05-24,31343176,09:00,Geography: Year 7: 7a/GeR
2024-05-24,31247810,09:55,English Comb: Year 7: 7a/EnI
2024-05-24,31336204,11:10,Religious Ed: Year 7: 7a/RER
2024-05-24,31239783,12:05,Science: Year 7: 7a/ScI
2024-05-24,30294517,13:30,Year 7: 7TL
2024-05-24,31319458,14:00,PE Core: Year 7: 7a/PEY
2024-06-03,30260467,08:40,Year 7: 7TL
2024-06-03,31334636,09:00,Drama: Year 7: 7a/DrR
2024-06-03,31337240,09:55,Computer Science: Year 7: 7a/CsR
2024-06-03,31241485,11:10,Spanish: Year 7: 7a/SpI
2024-06-03,31244613,12:05,Maths: Year 7: 7a/MaI
2024-06-03,30254770,13:30,Year 7: 7TL
2024-06-03,31245602,14:00,Design Tech: Year 7: 7a/DTI
2024-06-04,30288416,08:40,Year 7: 7TL
2024-06-04,31248109,09:00,Spanish: Year 7: 7a/SpI
2024-06-04,31320238,09:55,PE Core: Year 7: 7a/PEY
2024-06-04,31238242,11:10,English Comb: Year 7: 7a/EnI
2024-06-04,31338724,12:05,Religious Ed: Year 7: 7a/RER
2024-06-04,30286120,13:30,Year 7: 7TL
2024-06-04,31242474,14:00,Maths: Year 7: 7a/MaI
2024-06-05,30306118,08:40,Year 7: 7TL
2024-06-05,31341440,09:00,Geography: Year 7: 7a/GeR
2024-06-05,31245947,09:55,English Comb: Year 7: 7a/EnI
2024-06-05,31343736,11:10,Religious Ed: Year 7: 7a/RER
2024-06-05,31344828,12:05,History: Year 7: 7a/HiR
2024-06-05,30332777,13:30,Year 7: 7TL
2024-06-05,31239001,14:00,Science: Year 7: 7a/ScI
2024-06-06,30316621,08:40,Year 7: 7TL
2024-06-06,31241163,09:00,Spanish: Year 7: 7a/SpI
2024-06-06,31339396,09:55,Music: Year 7: 7a/MuR
2024-06-06,31341524,11:10,History: Year 7: 7a/HiR
2024-06-06,31342672,12:05,Art and Design: Year 7: 7a/ArR
2024-06-06,30300841,13:30,Year 7: 7TL
2024-06-06,31248569,14:00,English Comb: Year 7: 7a/EnI
2024-06-07,30289370,08:40,Year 7: 7TL
2024-06-07,31335700,09:00,Religious Ed: Year 7: 7a/RER
2024-06-07,31337772,09:55,History: Year 7: 7a/HiR
2024-06-07,31242037,11:10,Maths: Year 7: 7a/MaI
2024-06-07,31244176,12:05,Design Tech: Year 7: 7a/DTI
2024-06-07,30305725,13:30,Year 7: 7TL
2024-06-07,31341160,14:00,Geography: Year 7: 7a/GeR
2024-06-10,30272494,08:40,Year 7: 7TL
2024-06-10,31246545,09:00,English Comb: Year 7: 7a/EnI
2024-06-10,31249006,09:55,Science: Year 7: 7a/ScI
2024-06-10,31336848,11:10,Art and Design: Year 7: 7a/ArR
2024-06-10,31338808,12:05,Computer Science: Year 7: 7a/CsR
2024-06-10,30267772,13:30,Year 7: 7TL
2024-06-10,31242888,14:00,Maths: Year 7: 7a/MaI
2024-06-11,30300103,08:40,Year 7: 7TL
2024-06-11,29860356,09:00,Year 7: 7TL
2024-06-11,31245096,09:55,Maths: Year 7: 7a/MaI
2024-06-11,31246821,11:10,Spanish: Year 7: 7a/SpI
2024-06-11,31344296,12:05,Music: Year 7: 7a/MuR
2024-06-11,30296516,13:30,Year 7: 7TL
2024-06-11,31238495,14:00,English Comb: Year 7: 7a/EnI
2024-06-12,30317982,08:40,Year 7: 7TL
2024-06-12,31240243,09:00,Maths: Year 7: 7a/MaI
2024-06-12,31243463,09:55,Science: Year 7: 7a/ScI
2024-06-12,31339956,11:10,History: Year 7: 7a/HiR
2024-06-12,31342140,12:05,Geography: Year 7: 7a/GeR
2024-06-12,30343156,13:30,Year 7: 7TL
2024-06-12,31247557,14:00,Science: Year 7: 7a/ScI
2024-06-13,30326139,08:40,Year 7: 7TL
2024-06-13,31335504,09:00,Religious Ed: Year 7: 7a/RER
2024-06-13,31239392,09:55,Maths: Year 7: 7a/MaI
2024-06-13,31241600,11:10,English Comb: Year 7: 7a/EnI
2024-06-13,31243762,12:05,Science: Year 7: 7a/ScI
2024-06-13,30312283,13:30,Year 7: 7TL
2024-06-13,31319858,14:00,PE Core: Year 7: 7a/PEY
2024-06-14,30300746,08:40,Year 7: 7TL
2024-06-14,31343204,09:00,Geography: Year 7: 7a/GeR
2024-06-14,31247856,09:55,English Comb: Year 7: 7a/EnI
2024-06-14,31336232,11:10,Religious Ed: Year 7: 7a/RER
2024-06-14,31239806,12:05,Science: Year 7: 7a/ScI
2024-06-14,30315866,13:30,Year 7: 7TL
2024-06-14,31319478,14:00,PE Core: Year 7: 7a/PEY
2024-06-17,30284139,08:40,Year 7: 7TL
2024-06-17,31334664,09:00,Drama: Year 7: 7a/DrR
2024-06-17,31337268,09:55,Computer Science: Year 7: 7a/CsR
2024-06-17,31241554,11:10,Spanish: Year 7: 7a/SpI
2024-06-17,31244636,12:05,Maths: Year 7: 7a/MaI
2024-06-17,30278300,13:30,Year 7: 7TL
2024-06-17,31245648,14:00,Design Tech: Year 7: 7a/DTI
2024-06-18,30313539,08:40,Year 7: 7TL
2024-06-18,31248132,09:00,Spanish: Year 7: 7a/SpI
2024-06-18,31320258,09:55,PE Core: Year 7: 7a/PEY
2024-06-18,31238288,11:10,English Comb: Year 7: 7a/EnI
2024-06-18,31338780,12:05,Religious Ed: Year 7: 7a/RER
2024-06-18,30307898,13:30,Year 7: 7TL
2024-06-18,31242520,14:00,Maths: Year 7: 7a/MaI
2024-06-19,30328492,08:40,Year 7: 7TL
2024-06-19,31341496,09:00,Geography: Year 7: 7a/GeR
2024-06-19,31245970,09:55,English Comb: Year 7: 7a/EnI
2024-06-19,31343764,11:10,Religious Ed: Year 7: 7a/RER
2024-06-19,31344856,12:05,History: Year 7: 7a/HiR
2024-06-19,30352897,13:30,Year 7: 7TL
2024-06-19,31239047,14:00,Science: Year 7: 7a/ScI
2024-06-20,30337151,08:40,Year 7: 7TL
2024-06-20,31241232,09:00,Spanish: Year 7: 7a/SpI
2024-06-20,31339424,09:55,Music: Year 7: 7a/MuR
2024-06-20,31341580,11:10,History: Year 7: 7a/HiR
2024-06-20,31342700,12:05,Art and Design: Year 7: 7a/ArR
2024-06-20,30321791,13:30,Year 7: 7TL
2024-06-20,31248592,14:00,English Comb: Year 7: 7a/EnI
2024-06-21,30312668,08:40,Year 7: 7TL
2024-06-21,31335728,09:00,Religious Ed: Year 7: 7a/RER
2024-06-21,31337800,09:55,History: Year 7: 7a/HiR
2024-06-21,31242083,11:10,Maths: Year 7: 7a/MaI
2024-06-21,31244199,12:05,Design Tech: Year 7: 7a/DTI
2024-06-21,30327373,13:30,Year 7: 7TL
2024-06-21,31341244,14:00,Geography: Year 7: 7a/GeR
2024-06-24,30295073,08:40,Year 7: 7TL
2024-06-24,31246568,09:00,English Comb: Year 7: 7a/EnI
2024-06-24,31249029,09:55,Science: Year 7: 7a/ScI
2024-06-24,31336904,11:10,Art and Design: Year 7: 7a/ArR
2024-06-24,31338864,12:05,Computer Science: Year 7: 7a/CsR
2024-06-24,30289683,13:30,Year 7: 7TL
2024-06-24,31242911,14:00,Maths: Year 7: 7a/MaI
2024-06-25,30323953,08:40,Year 7: 7TL
2024-06-25,29860383,09:00,Year 7: 7TL
2024-06-25,31245142,09:55,Maths: Year 7: 7a/MaI
2024-06-25,31246844,11:10,Spanish: Year 7: 7a/SpI
2024-06-25,31344324,12:05,Music: Year 7: 7a/MuR
2024-06-25,30318392,13:30,Year 7: 7TL
2024-06-25,31238518,14:00,English Comb: Year 7: 7a/EnI
2024-06-26,30339127,08:40,Year 7: 7TL
2024-06-26,31240289,09:00,Maths: Year 7: 7a/MaI
2024-06-26,31243509,09:55,Science: Year 7: 7a/ScI
2024-06-26,31340012,11:10,History: Year 7: 7a/HiR
2024-06-26,31342168,12:05,Geography: Year 7: 7a/GeR
2024-06-26,30360588,13:30,Year 7: 7TL
2024-06-26,31247626,14:00,Science: Year 7: 7a/ScI
2024-06-27,30346651,08:40,Year 7: 7TL
2024-06-27,31335560,09:00,Religious Ed: Year 7: 7a/RER
2024-06-27,31239415,09:55,Maths: Year 7: 7a/MaI
2024-06-27,31241669,11:10,English Comb: Year 7: 7a/EnI
2024-06-27,31243808,12:05,Science: Year 7: 7a/ScI
2024-06-27,30332253,13:30,Year 7: 7TL
2024-06-27,31319878,14:00,PE Core: Year 7: 7a/PEY
2024-06-28,30322749,08:40,Year 7: 7TL
2024-06-28,31343232,09:00,Geography: Year 7: 7a/GeR
2024-06-28,31247902,09:55,English Comb: Year 7: 7a/EnI
2024-06-28,31336260,11:10,Religious Ed: Year 7: 7a/RER
2024-06-28,31239829,12:05,Science: Year 7: 7a/ScI
2024-06-28,30336835,13:30,Year 7: 7TL
2024-06-28,31319498,14:00,PE Core: Year 7: 7a/PEY
2024-07-01,30306449,08:40,Year 7: 7TL
2024-07-01,31334692,09:00,Drama: Year 7: 7a/DrR
2024-07-01,31337296,09:55,Computer Science: Year 7: 7a/CsR
2024-07-01,31241623,11:10,Spanish: Year 7: 7a/SpI
2024-07-01,31244659,12:05,Maths: Year 7: 7a/MaI
2024-07-01,30301723,13:30,Year 7: 7TL
2024-07-01,31245694,14:00,Design Tech: Year 7: 7a/DTI
2024-07-02,30335300,08:40,Year 7: 7TL
2024-07-02,31248155,09:00,Spanish: Year 7: 7a/SpI
2024-07-02,31320278,09:55,PE Core: Year 7: 7a/PEY
2024-07-02,31238334,11:10,English Comb: Year 7: 7a/EnI
2024-07-02,31338836,12:05,Religious Ed: Year 7: 7a/RER
2024-07-02,30328188,13:30,Year 7: 7TL
2024-07-02,31242589,14:00,Maths: Year 7: 7a/MaI
2024-07-03,30348812,08:40,Year 7: 7TL
2024-07-03,31341552,09:00,Geography: Year 7: 7a/GeR
2024-07-03,31245993,09:55,English Comb: Year 7: 7a/EnI
2024-07-03,31343792,11:10,Religious Ed: Year 7: 7a/RER
2024-07-03,31344884,12:05,History: Year 7: 7a/HiR
2024-07-03,30368437,13:30,Year 7: 7TL
2024-07-03,31239093,14:00,Science: Year 7: 7a/ScI
2024-07-04,30355182,08:40,Year 7: 7TL
2024-07-04,31241301,09:00,Spanish: Year 7: 7a/SpI
2024-07-04,31339452,09:55,Music: Year 7: 7a/MuR
2024-07-04,31341608,11:10,History: Year 7: 7a/HiR
2024-07-04,31342728,12:05,Art and Design: Year 7: 7a/ArR
2024-07-04,30342366,13:30,Year 7: 7TL
2024-07-04,31248615,14:00,English Comb: Year 7: 7a/EnI
2024-07-05,30332395,08:40,Year 7: 7TL
2024-07-05,31335784,09:00,Religious Ed: Year 7: 7a/RER
2024-07-05,31337828,09:55,History: Year 7: 7a/HiR
2024-07-05,31242129,11:10,Maths: Year 7: 7a/MaI
2024-07-05,31244222,12:05,Design Tech: Year 7: 7a/DTI
2024-07-05,30346061,13:30,Year 7: 7TL
2024-07-05,31341328,14:00,Geography: Year 7: 7a/GeR
2024-07-08,30318889,08:40,Year 7: 7TL
2024-07-08,31246637,09:00,English Comb: Year 7: 7a/EnI
2024-07-08,31249052,09:55,Science: Year 7: 7a/ScI
2024-07-08,31336960,11:10,Art and Design: Year 7: 7a/ArR
2024-07-08,31338920,12:05,Computer Science: Year 7: 7a/CsR
2024-07-08,30312700,13:30,Year 7: 7TL
2024-07-08,31242934,14:00,Maths: Year 7: 7a/MaI
2024-07-09,30344434,08:40,Year 7: 7TL
2024-07-09,29860410,09:00,Year 7: 7TL
2024-07-09,31245188,09:55,Maths: Year 7: 7a/MaI
2024-07-09,31246890,11:10,Spanish: Year 7: 7a/SpI
2024-07-09,31344352,12:05,Music: Year 7: 7a/MuR
2024-07-09,30338434,13:30,Year 7: 7TL
2024-07-09,31238541,14:00,English Comb: Year 7: 7a/EnI
2024-07-10,30357326,08:40,Year 7: 7TL
2024-07-10,31240335,09:00,Maths: Year 7: 7a/MaI
2024-07-10,31243555,09:55,Science: Year 7: 7a/ScI
2024-07-10,31340068,11:10,History: Year 7: 7a/HiR
2024-07-10,31342196,12:05,Geography: Year 7: 7a/GeR
2024-07-10,30376130,13:30,Year 7: 7TL
2024-07-10,31247695,14:00,Science: Year 7: 7a/ScI
2024-07-11,30362510,08:40,Year 7: 7TL
2024-07-11,31335616,09:00,Religious Ed: Year 7: 7a/RER
2024-07-11,31239438,09:55,Maths: Year 7: 7a/MaI
2024-07-11,31241738,11:10,English Comb: Year 7: 7a/EnI
2024-07-11,31243854,12:05,Science: Year 7: 7a/ScI
2024-07-11,30351705,13:30,Year 7: 7TL
2024-07-11,31319898,14:00,PE Core: Year 7: 7a/PEY
2024-07-12,30341227,08:40,Year 7: 7TL
2024-07-12,31343260,09:00,Geography: Year 7: 7a/GeR
2024-07-12,31247948,09:55,English Comb: Year 7: 7a/EnI
2024-07-12,31336316,11:10,Religious Ed: Year 7: 7a/RER
2024-07-12,31239875,12:05,Science: Year 7: 7a/ScI
2024-07-12,30355029,13:30,Year 7: 7TL
2024-07-12,31319518,14:00,PE Core: Year 7: 7a/PEY
2024-07-15,30329473,08:40,Year 7: 7TL
2024-07-15,31334720,09:00,Drama: Year 7: 7a/DrR
2024-07-15,31337324,09:55,Computer Science: Year 7: 7a/CsR
2024-07-15,31241692,11:10,Spanish: Year 7: 7a/SpI
2024-07-15,31244682,12:05,Maths: Year 7: 7a/MaI
2024-07-15,30325533,13:30,Year 7: 7TL
2024-07-15,31245740,14:00,Design Tech: Year 7: 7a/DTI
2024-07-16,30354293,08:40,Year 7: 7TL
2024-07-16,31248178,09:00,Spanish: Year 7: 7a/SpI
2024-07-16,31320298,09:55,PE Core: Year 7: 7a/PEY
2024-07-16,31238380,11:10,English Comb: Year 7: 7a/EnI
2024-07-16,31338892,12:05,Religious Ed: Year 7: 7a/RER
2024-07-16,30348155,13:30,Year 7: 7TL
2024-07-16,31242635,14:00,Maths: Year 7: 7a/MaI
2024-07-17,30365748,08:40,Year 7: 7TL
2024-07-17,31341636,09:00,Geography: Year 7: 7a/GeR
2024-07-17,31246016,09:55,English Comb: Year 7: 7a/EnI
2024-07-17,31343820,11:10,Religious Ed: Year 7: 7a/RER
2024-07-17,31344912,12:05,History: Year 7: 7a/HiR
2024-07-17,30379806,13:30,Year 7: 7TL
2024-07-17,31239139,14:00,Science: Year 7: 7a/ScI
2024-07-18,30369790,08:40,Year 7: 7TL
2024-07-18,31241370,09:00,Spanish: Year 7: 7a/SpI
2024-07-18,31339480,09:55,Music: Year 7: 7a/MuR
2024-07-18,31341664,11:10,History: Year 7: 7a/HiR
2024-07-18,31342756,12:05,Art and Design: Year 7: 7a/ArR
2024-07-18,30360192,13:30,Year 7: 7TL
2024-07-18,31248661,14:00,English Comb: Year 7: 7a/EnI
2024-07-19,30349423,08:40,Year 7: 7TL
2024-07-19,31335868,09:00,Religious Ed: Year 7: 7a/RER
2024-07-19,31337856,09:55,History: Year 7: 7a/HiR
2024-07-19,31242175,11:10,Maths: Year 7: 7a/MaI
2024-07-19,31244245,12:05,Design Tech: Year 7: 7a/DTI
2024-07-19,30360663,13:30,Year 7: 7TL
2024-07-19,31341412,14:00,Geography: Year 7: 7a/GeR
